{
  "T_parsing": 0.04211420001229271,
  "T_chunking": 0.10352340000099503,
  "T_embedding": 0.05963570001767948,
  "T_preprocessing_total": 0.20527330003096722
}