{
  "T_parsing": 0.041952399973524734,
  "T_chunking": 0.08993350001401268,
  "T_embedding": 0.055920999991940334,
  "T_preprocessing_total": 0.18780689997947775
}