{
  "T_parsing": 0.04862519999733195,
  "T_chunking": 0.12916480001877062,
  "T_embedding": 0.06053059999248944,
  "T_preprocessing_total": 0.238320600008592
}