{
  "T_parsing": 0.0404088000068441,
  "T_chunking": 0.08624570001848042,
  "T_embedding": 0.059139099990716204,
  "T_preprocessing_total": 0.18579360001604073
}