{
  "T_parsing": 0.04030399999464862,
  "T_chunking": 0.08596090000355616,
  "T_embedding": 0.05916059997980483,
  "T_preprocessing_total": 0.1854254999780096
}