{
  "T_parsing": 0.04027600001427345,
  "T_chunking": 0.08965720000560395,
  "T_embedding": 0.05594829999608919,
  "T_preprocessing_total": 0.1858815000159666
}