{
  "T_parsing": 0.039404100010870025,
  "T_chunking": 0.12794690000009723,
  "T_embedding": 0.06999990000622347,
  "T_preprocessing_total": 0.23735090001719072
}