{
  "T_parsing": 0.039439600019250065,
  "T_chunking": 0.09634479999658652,
  "T_embedding": 0.05640020000282675,
  "T_preprocessing_total": 0.19218460001866333
}