{
  "T_parsing": 0.04034119998686947,
  "T_chunking": 0.0993004999763798,
  "T_embedding": 0.059857400017790496,
  "T_preprocessing_total": 0.19949909998103976
}