{
  "T_parsing": 0.043931799998972565,
  "T_chunking": 0.08440239998162724,
  "T_embedding": 0.05575749999843538,
  "T_preprocessing_total": 0.18409169997903518
}