{
  "T_parsing": 621.3761793999874,
  "T_chunking": 0.09402459999546409,
  "T_embedding": 38.65659080000478,
  "T_preprocessing_total": 660.1267947999877
}