{
  "T_parsing": 599.9009612999798,
  "T_chunking": 0.12028809997718781,
  "T_embedding": 40.77989259999595,
  "T_preprocessing_total": 640.801141999953
}