{
  "T_parsing": 884.781988999981,
  "T_chunking": 0.22819059999892488,
  "T_embedding": 47.282311799994204,
  "T_preprocessing_total": 932.2924913999741
}