{
  "T_parsing": 846.0628719000088,
  "T_chunking": 0.0999337000248488,
  "T_embedding": 44.38671829999657,
  "T_preprocessing_total": 890.5495239000302
}