{
  "T_parsing": 536.1180534999876,
  "T_chunking": 0.1033824999758508,
  "T_embedding": 44.07848189998185,
  "T_preprocessing_total": 580.2999178999453
}