{
  "T_parsing": 614.8942873999767,
  "T_chunking": 0.11727560000144877,
  "T_embedding": 37.576247199991485,
  "T_preprocessing_total": 652.5878101999697
}