{
  "T_parsing": 568.2037001999852,
  "T_chunking": 0.12492120001115836,
  "T_embedding": 41.71801109999069,
  "T_preprocessing_total": 610.046632499987
}