{
  "T_parsing": 598.0859841000056,
  "T_chunking": 0.09934299997985363,
  "T_embedding": 40.90065940000932,
  "T_preprocessing_total": 639.0859864999948
}