{
  "T_parsing": 568.5113066000049,
  "T_chunking": 0.09568160001072101,
  "T_embedding": 41.41842870000983,
  "T_preprocessing_total": 610.0254169000254
}