{
  "T_parsing": 632.5272595999995,
  "T_chunking": 0.20394259999739006,
  "T_embedding": 44.972459300013725,
  "T_preprocessing_total": 677.7036615000106
}